Centro,Nombre científico (especie),Código del arbol,Area basal de arbol (dm²),Diametro de tronco equivalente (cm),Altura de arbol normalizada (m),Altura de copa normalizada (m),Diametro de copa promedio (m),Excentricidad de copa,Volumen de copa (m³),Biomasa (kg),Carbono almacenado (kg),Dióxido de carbono capturado (kg)
CULAGOS,Arecastrum romanzoffianum,C13-5-53,0.52,8.1,1.6,0.7,1.8,0.60,0.4,0.19026754,0.09513377,0.349140937
CULAGOS,Arecastrum romanzoffianum,C13-5-54,0.58,8.6,2.1,1.1,2.5,0.28,1.3,0.360655039,0.18032752,0.661801997
CULAGOS,Arecastrum romanzoffianum,C13-5-55,2.01,16.0,2.7,1.6,2.8,0.36,2.5,1.914626875,0.957313437,3.513340316
CULAGOS,Arecastrum romanzoffianum,C13-5-56,2.99,19.5,4.0,2.5,3.5,0.24,5.8,6.15419318,3.07709659,11.29294449
CUSUR,Arecastrum romanzoffianum,C12-5-215,4.71,24.5,11.0,6.6,7.6,0.74,71.9,80.59161393,40.29580697,147.8856116
CUSUR,Arecastrum romanzoffianum,C12-5-243,4.15,23.0,8.0,4.4,6.6,0.59,37.5,36.80881083,18.40440541,67.54416787
CUSUR,Arecastrum romanzoffianum,C12-5-244,4.34,23.5,9.7,5.2,6.2,0.35,39.4,56.68930591,28.34465295,104.0248763
CUSUR,Arecastrum romanzoffianum,C12-5-378,4.83,24.8,6.5,3.7,5.6,0.53,22.2,26.95547339,13.47773669,49.46329366
CUSUR,Arecastrum romanzoffianum,C12-5-415,1.61,14.3,3.2,1.3,2.0,0.78,1.0,2.19974081,1.099870405,4.036524387
CUSUR,Arecastrum romanzoffianum,C12-5-416,0.54,8.3,2.7,1.1,2.1,0.30,0.9,0.605040988,0.302520494,1.110250212
CUSUR,Arecastrum romanzoffianum,C12-5-417,1.77,15.0,4.6,2.4,3.0,0.43,4.1,5.29205935,2.646029675,9.710928907
CUSUR,Arecastrum romanzoffianum,C12-5-418,2.06,16.2,3.6,2.0,2.6,0.65,2.5,3.581027036,1.790513518,6.571184611
CUSUR,Arecastrum romanzoffianum,C12-5-419,0.55,8.4,2.9,1.5,2.5,0.81,1.6,0.704982783,0.352491391,1.293643406
CUSUR,Arecastrum romanzoffianum,C12-5-420,1.04,11.5,3.7,1.4,3.0,0.78,2.4,2.027522347,1.013761174,3.720503507
CUSUR,Arecastrum romanzoffianum,C12-5-421,1.27,12.7,3.1,1.9,2.9,0.49,3.2,1.720030528,0.860015264,3.15625602
CUSUR,Arecastrum romanzoffianum,C12-5-422,0.87,10.5,4.1,2.2,3.8,0.81,5.9,2.206778623,1.103389311,4.049438773
CUSUR,Arecastrum romanzoffianum,C12-5-423,3.24,20.3,4.2,3.0,3.1,0.61,5.4,7.43615039,3.718075195,13.64533597
CUSUR,Arecastrum romanzoffianum,C12-5-425,2.19,16.7,4.7,2.8,3.3,0.76,5.7,6.596973107,3.298486553,12.10544565
CUSUR,Arecastrum romanzoffianum,C12-5-427,5.43,26.3,4.9,3.0,3.8,0.38,8.3,16.04257994,8.021289968,29.43813418
CUSUR,Arecastrum romanzoffianum,C12-5-428,2.60,18.2,3.9,3.2,2.5,0.75,3.7,5.017623245,2.508811622,9.207338655
CUSUR,Arecastrum romanzoffianum,C12-5-429,2.84,19.0,4.1,2.5,3.4,0.24,5.5,6.198161159,3.09908058,11.37362573
CUSUR,Arecastrum romanzoffianum,C12-5-430,3.37,20.7,4.4,2.8,3.7,0.53,7.5,8.443514336,4.221757168,15.49384881
CUSUR,Arecastrum romanzoffianum,C12-5-431,4.01,22.6,4.2,2.5,3.1,0.61,4.4,8.976485138,4.488242569,16.47185023
CUSUR,Arecastrum romanzoffianum,C12-5-433,1.47,13.7,3.9,1.9,3.4,0.41,4.1,3.04888265,1.524441325,5.594699662
CUSUR,Bucida buceras,C12-5-273,0.50,8.0,3.7,2.9,2.1,0.42,2.5,6.688827344,3.344413672,12.27399818
CUSUR,Bucida buceras,C12-5-400,1.33,13.0,6.6,5.2,5.4,0.45,29.5,29.45463432,14.72731716,54.04925398
CUSUR,Bucida buceras,C12-5-401,1.23,12.5,6.6,5.1,5.7,0.19,31.9,27.29706319,13.6485316,50.09011096
CUSUR,Bucida buceras,C12-5-402,1.35,13.1,7.6,6.4,6.4,0.45,50.5,34.23391442,17.11695721,62.81923297
CUSUR,Bucida buceras,C12-5-403,0.50,8.0,3.7,2.5,3.7,0.57,6.4,6.75021447,3.375107235,12.38664355
CUSUR,Bucida buceras,C12-5-404,0.82,10.2,6.1,4.8,3.7,0.49,12.4,17.22697097,8.613485484,31.61149173
CUSUR,Bucida buceras,C12-5-405,1.81,15.2,6.8,5.5,6.4,0.30,43.9,40.8800499,20.44002495,75.01489156
CUSUR,Bucida buceras,C12-5-406,1.00,11.3,4.8,3.7,4.6,0.29,15.2,16.71361451,8.356807257,30.66948263
CUSUR,Bucida buceras,C12-5-407,0.50,8.0,3.6,3.1,4.3,0.36,11.0,6.581030173,3.290515087,12.07619037
CUSUR,Bucida buceras,C12-5-408,0.55,8.4,4.5,3.3,4.5,0.52,12.9,8.88797982,4.44398991,16.30944297
CUSUR,Bucida buceras,C12-5-409,0.55,8.4,4.8,3.4,4.0,0.67,10.5,9.512291149,4.756145575,17.45505426
CUSUR,Bucida buceras,C12-5-410,1.23,12.5,4.6,3.2,5.6,0.19,19.4,19.41754094,9.708770472,35.63118763
CULAGOS,Casuarina equisetifolia,C13-5-11,10.87,37.2,14.8,9.3,5.2,0.67,47.4,595.0721878,297.5360939,1091.957465
CULAGOS,Casuarina equisetifolia,C13-5-18,7.53,31.0,5.3,4.6,5.1,0.73,22.0,149.489202,74.74460099,274.3126856
CULAGOS,Casuarina equisetifolia,C13-5-19,9.84,35.4,6.7,5.7,4.3,0.30,20.6,244.5825332,122.2912666,448.8089483
CULAGOS,Casuarina equisetifolia,C13-5-20,21.65,52.5,6.9,5.3,4.4,0.58,19.6,552.829664,276.414832,1014.442433
CULAGOS,Casuarina equisetifolia,C13-5-21,4.91,25.0,6.0,3.7,4.2,0.22,12.7,110.1574279,55.07871395,202.1388802
CULAGOS,Casuarina equisetifolia,C13-5-22,10.49,36.6,5.6,4.4,4.9,0.53,20.7,219.7775888,109.8887944,403.2918755
CULAGOS,Casuarina equisetifolia,C13-5-23,10.01,35.7,6.6,3.7,3.9,0.52,11.0,244.0328399,122.0164199,447.8002612
CULAGOS,Casuarina equisetifolia,C13-5-27,20.43,51.0,17.6,9.5,8.6,0.62,134.6,1325.270457,662.6352286,2431.871289
CULAGOS,Casuarina equisetifolia,C13-5-28,8.92,33.7,16.1,14.1,7.2,0.62,139.8,528.8782009,264.4391004,970.4914986
CULAGOS,Casuarina equisetifolia,C13-5-30,6.38,28.5,16.5,14.5,5.2,0.54,74.9,389.3515925,194.6757962,714.4601722
CULAGOS,Casuarina equisetifolia,C13-5-31,10.75,37.0,18.7,16.8,9.1,0.15,272.0,743.1740819,371.5870409,1363.72444
CULAGOS,Casuarina equisetifolia,C13-5-45,11.52,38.3,11.9,8.2,7.4,0.28,86.5,504.451713,252.2258565,925.6688934
CULAGOS,Casuarina equisetifolia,C13-5-46,6.79,29.4,12.3,8.5,6.4,0.63,67.5,310.3937242,155.1968621,569.5724839
CULAGOS,Casuarina equisetifolia,C13-5-47,16.62,46.0,18.0,13.7,9.1,0.61,217.5,1100.241346,550.1206728,2018.942869
CULAGOS,Casuarina equisetifolia,C13-5-48,29.73,61.5,18.6,16.1,10.3,0.30,334.0,2034.50783,1017.253915,3733.321868
CULAGOS,Casuarina equisetifolia,C13-5-49,14.41,42.8,12.2,10.4,6.7,0.29,90.6,647.4697088,323.7348544,1188.106916
CULAGOS,Casuarina equisetifolia,C13-5-57,4.83,24.8,14.2,11.0,5.8,0.49,72.5,255.0093451,127.5046725,467.9421482
CULAGOS,Casuarina equisetifolia,C13-5-58,5.23,25.8,11.5,8.9,7.9,0.51,108.1,223.7842732,111.8921366,410.6441413
CULAGOS,Casuarina equisetifolia,C13-5-60,2.11,16.4,9.9,5.5,6.1,0.59,39.2,78.56114206,39.28057103,144.1596957
CULAGOS,Casuarina equisetifolia,C13-5-61,3.63,21.5,20.9,8.6,6.2,0.30,64.1,281.9348998,140.9674499,517.3505411
CULAGOS,Casuarina equisetifolia,C13-5-64,4.15,23.0,11.0,8.3,5.3,0.59,44.2,171.0335139,85.51675697,313.8464981
CULAGOS,Casuarina equisetifolia,C13-5-65,3.11,19.9,9.5,6.5,4.1,0.65,20.5,110.515679,55.25783952,202.796271
CULAGOS,Casuarina equisetifolia,C13-5-69,21.91,52.8,13.4,11.2,7.9,0.43,137.4,1085.923052,542.9615258,1992.6688
CULAGOS,Casuarina equisetifolia,C13-5-98,4.52,24.0,11.3,9.5,7.2,0.47,95.1,189.7714049,94.88570246,348.230528
CULAGOS,Casuarina equisetifolia,C13-5-99,9.74,35.2,12.8,10.5,9.9,0.24,199.1,461.3725083,230.6862541,846.6185527
CULAGOS,Casuarina equisetifolia,C13-5-100,8.81,33.5,16.1,14.0,9.9,0.55,266.4,524.6878386,262.3439193,962.8021839
CULAGOS,Casuarina equisetifolia,C13-5-101,4.26,23.3,5.7,3.6,3.4,0.33,8.2,91.28456262,45.64228131,167.5071724
CULAGOS,Casuarina equisetifolia,C13-5-102,9.19,34.2,13.0,8.7,7.1,0.52,84.5,439.9533167,219.9766584,807.3143362
CULAGOS,Casuarina equisetifolia,C13-5-103,16.47,45.8,14.5,11.3,8.8,0.36,172.3,880.6662533,440.3331267,1616.022575
CULAGOS,Casuarina equisetifolia,C13-5-104,12.28,39.5,12.0,8.9,10.4,0.44,186.5,545.8116432,272.9058216,1001.564365
CULAGOS,Casuarina equisetifolia,C13-5-106,8.35,32.6,12.6,7.5,5.8,0.56,48.4,388.2258106,194.1129053,712.3943625
CULAGOS,Casuarina equisetifolia,C13-5-107,12.23,39.5,18.0,12.9,8.8,0.62,191.4,812.5988937,406.2994469,1491.11897
CULAGOS,Casuarina equisetifolia,C13-5-108,4.83,24.8,9.7,6.4,4.5,0.79,23.8,174.1909378,87.0954689,319.6403709
CULAGOS,Casuarina equisetifolia,C13-5-109,8.24,32.4,11.6,6.2,3.5,0.33,14.9,354.1140322,177.0570161,649.7992491
CULAGOS,Casuarina equisetifolia,C13-5-110,26.88,58.5,13.6,8.7,10.9,0.55,200.1,1351.756551,675.8782755,2480.473271
CULAGOS,Casuarina equisetifolia,C13-5-128,3.73,21.8,9.8,7.7,5.4,0.78,40.8,136.2388254,68.11941272,249.9982447
CULAGOS,Casuarina equisetifolia,C13-5-130,5.03,25.3,14.0,11.6,6.8,0.66,102.0,260.9173977,130.4586988,478.7834247
CUSUR,Casuarina equisetifolia,C12-5-6,31.27,63.1,9.0,6.7,8.3,0.40,89.9,1036.287437,518.1437186,1901.587447
CUSUR,Casuarina equisetifolia,C12-5-73,20.83,51.5,13.8,12.6,9.5,0.49,220.5,1060.683531,530.3417654,1946.354279
CUSUR,Casuarina equisetifolia,C12-5-125,25.79,57.3,21.9,20.3,13.0,0.24,698.6,2082.945993,1041.472997,3822.205897
CUSUR,Casuarina equisetifolia,C12-5-126,57.68,85.7,18.7,16.6,15.7,0.29,806.9,3975.21304,1987.60652,7294.515928
CUSUR,Casuarina equisetifolia,C12-5-127,32.47,64.3,16.3,15.1,9.6,0.32,269.9,1954.205455,977.1027273,3585.967009
CUSUR,Casuarina equisetifolia,C12-5-128,2.43,17.6,7.9,6.4,4.3,0.46,22.6,72.86326395,36.43163197,133.7040893
CUSUR,Casuarina equisetifolia,C12-5-129,16.19,45.4,17.7,15.4,11.1,0.55,371.1,1054.582686,527.2913428,1935.159228
CUSUR,Casuarina equisetifolia,C12-5-130,5.94,27.5,6.0,4.4,5.7,0.19,27.6,134.2671913,67.13359563,246.380296
CUSUR,Casuarina equisetifolia,C12-5-131,11.04,37.5,8.2,6.2,9.8,0.93,91.8,333.7124976,166.8562488,612.3624331
CUSUR,Casuarina equisetifolia,C12-5-132,38.70,70.2,22.8,21.4,13.4,0.87,693.9,3250.726624,1625.363312,5965.083355
CUSUR,Casuarina equisetifolia,C12-5-135,29.61,61.4,22.0,19.6,17.6,0.28,1219.8,2401.614034,1200.807017,4406.961752
CUSUR,Casuarina equisetifolia,C12-5-136,18.86,49.0,20.5,19.4,7.6,0.60,220.2,1426.703631,713.3518154,2618.001163
CUSUR,Casuarina equisetifolia,C12-5-145,15.90,45.0,12.0,9.9,6.0,0.63,68.0,701.3167942,350.6583971,1286.916317
CUSUR,Casuarina equisetifolia,C12-5-146,30.48,62.3,22.5,21.0,11.5,0.65,552.3,2525.334611,1262.667305,4633.989011
CUSUR,Casuarina equisetifolia,C12-5-147,21.65,52.5,22.5,21.0,12.0,0.54,608.1,1793.961621,896.9808107,3291.919575
CUSUR,Casuarina equisetifolia,C12-5-148,30.19,62.0,25.5,24.1,11.6,0.87,598.7,2832.773745,1416.386873,5198.139823
CUSUR,Casuarina equisetifolia,C12-5-149,18.10,48.0,16.3,14.7,7.7,0.78,161.8,1083.972503,541.9862513,1989.089542
CUSUR,Casuarina equisetifolia,C12-5-150,22.06,53.0,24.3,23.2,8.4,0.52,335.8,1972.850977,986.4254883,3620.181542
CUSUR,Casuarina equisetifolia,C12-5-151,24.63,56.0,24.3,23.0,13.2,0.86,739.1,2202.261962,1101.130981,4041.150699
CUSUR,Casuarina equisetifolia,C12-5-152,82.19,102.3,30.4,29.2,19.4,0.68,2404.3,9199.414185,4599.707092,16880.92503
CUSUR,Casuarina equisetifolia,C12-5-153,1.13,12.0,3.3,2.1,4.5,0.67,7.8,15.87766856,7.938834279,29.1355218
CUSUR,Casuarina equisetifolia,C12-5-154,30.19,62.0,22.1,19.5,10.0,0.76,376.9,2461.918601,1230.959301,4517.620633
CUSUR,Casuarina equisetifolia,C12-5-155,23.50,54.7,21.1,19.8,9.1,0.80,310.0,1823.303711,911.6518553,3345.762309
CUSUR,Casuarina equisetifolia,C12-5-156,18.47,48.5,21.6,20.2,8.7,0.79,292.0,1471.612252,735.8061258,2700.408482
CUSUR,Casuarina equisetifolia,C12-5-157,39.59,71.0,27.1,25.4,7.5,0.35,300.9,3950.376069,1975.188034,7248.940086
CUSUR,Casuarina equisetifolia,C12-5-158,22.06,53.0,14.1,12.7,10.1,0.84,230.8,1146.640903,573.3204514,2104.086057
CUSUR,Casuarina equisetifolia,C12-5-159,29.80,61.6,21.9,16.6,8.7,0.36,248.3,2400.658421,1200.329211,4405.208203
CUSUR,Casuarina equisetifolia,C12-5-160,17.35,47.0,10.6,9.1,7.5,0.78,95.7,679.8081471,339.9040736,1247.44795
CUSUR,Casuarina equisetifolia,C12-5-161,19.63,50.0,21.8,19.9,10.1,0.24,406.0,1575.503309,787.7516547,2891.048573
CUSUR,Casuarina equisetifolia,C12-5-162,20.43,51.0,17.4,15.2,11.3,0.56,373.7,1308.907608,654.453804,2401.845461
CUSUR,Casuarina equisetifolia,C12-5-163,6.16,28.0,15.6,14.7,6.0,0.71,99.3,355.3426631,177.6713316,652.0537869
CUSUR,Casuarina equisetifolia,C12-5-164,13.33,41.2,10.6,10.0,7.3,0.64,101.2,520.8833956,260.4416978,955.821031
CUSUR,Casuarina equisetifolia,C12-5-165,17.35,47.0,8.9,8.3,8.1,0.81,100.3,572.8283353,286.4141676,1051.139995
CUSUR,Casuarina equisetifolia,C12-5-166,14.19,42.5,11.7,10.1,7.5,0.76,105.2,614.4841243,307.2420622,1127.578368
CUSUR,Casuarina equisetifolia,C12-5-167,11.22,37.8,10.8,9.3,8.0,0.16,115.1,446.5927341,223.296367,819.497667
CUSUR,Casuarina equisetifolia,C12-5-168,20.27,50.8,8.1,6.4,9.3,0.76,104.2,604.2709968,302.1354984,1108.837279
CUSUR,Casuarina equisetifolia,C12-5-169,18.40,48.4,10.7,9.4,8.7,0.62,135.8,728.1522704,364.0761352,1336.159416
CUSUR,Casuarina equisetifolia,C12-5-170,9.90,35.5,11.1,9.7,8.0,0.75,114.7,408.0678665,204.0339332,748.804535
CUSUR,Casuarina equisetifolia,C12-5-171,11.16,37.7,7.2,6.2,7.7,0.57,70.4,299.2546622,149.6273311,549.1323052
CUSUR,Casuarina equisetifolia,C12-5-172,0.68,9.3,5.9,4.4,5.7,0.61,27.1,16.8005932,8.400296602,30.82908853
CUSUR,Casuarina equisetifolia,C12-5-177,18.10,48.0,18.6,16.6,9.9,0.46,320.0,1242.928702,621.4643512,2280.774169
CUSUR,Casuarina equisetifolia,C12-5-180,24.19,55.5,12.4,9.9,11.1,0.68,233.8,1109.881077,554.9405386,2036.631777
CUSUR,Casuarina equisetifolia,C12-5-181,6.74,29.3,14.9,12.6,8.4,0.44,172.7,370.5003061,185.250153,679.8680617
CUSUR,Casuarina equisetifolia,C12-5-182,7.31,30.5,10.6,6.7,5.6,0.68,39.4,287.1731368,143.5865684,526.9627061
CUSUR,Casuarina equisetifolia,C12-5-183,12.50,39.9,15.0,12.8,7.8,0.48,152.4,692.4776184,346.2388092,1270.69643
CUSUR,Casuarina equisetifolia,C12-5-184,15.21,44.0,16.2,14.6,9.5,0.39,257.7,908.3333252,454.1666626,1666.791652
CUSUR,Casuarina equisetifolia,C12-5-185,8.04,32.0,15.0,13.1,6.7,0.41,115.4,446.007024,223.003512,818.4228891
CUSUR,Casuarina equisetifolia,C12-5-186,12.44,39.8,11.2,9.0,9.3,0.54,152.0,515.5645277,257.7822638,946.0609083
CUSUR,Casuarina equisetifolia,C12-5-188,7.84,31.6,12.9,11.1,8.2,0.45,143.8,375.6142462,187.8071231,689.2521418
CUSUR,Casuarina equisetifolia,C12-5-189,6.65,29.1,13.2,11.5,6.5,0.82,87.4,325.0591324,162.5295662,596.4835079
CUSUR,Casuarina equisetifolia,C12-5-190,4.60,24.2,13.4,11.4,4.4,0.36,42.3,229.1898932,114.5949466,420.563454
CUSUR,Casuarina equisetifolia,C12-5-191,18.40,48.4,16.1,13.9,5.0,0.50,66.6,1089.624813,544.8124065,1999.461532
CUSUR,Casuarina equisetifolia,C12-5-192,18.02,47.9,21.4,19.8,9.4,0.40,354.2,1420.966764,710.4833818,2607.474011
CUSUR,Casuarina equisetifolia,C12-5-193,6.47,28.7,15.7,14.1,6.5,0.76,109.8,376.613784,188.306892,691.0862937
CUSUR,Casuarina equisetifolia,C12-5-194,18.86,49.0,16.9,15.4,7.1,0.42,150.6,1171.239322,585.6196608,2149.224155
CUSUR,Casuarina equisetifolia,C12-5-195,3.27,20.4,13.9,12.2,6.0,0.67,84.4,168.7997116,84.39985582,309.7474709
CUSUR,Casuarina equisetifolia,C12-5-196,7.26,30.4,13.7,11.3,8.0,0.49,139.4,368.9925457,184.4962729,677.1013214
CUSUR,Casuarina equisetifolia,C12-5-197,20.19,50.7,14.0,11.8,9.2,0.48,194.4,1041.899515,520.9497574,1911.88561
CUSUR,Casuarina equisetifolia,C12-5-198,2.27,17.0,5.8,4.3,4.4,0.41,16.5,50.84473538,25.42236769,93.30008943
CUSUR,Casuarina equisetifolia,C12-5-199,6.61,29.0,17.3,15.2,6.2,0.39,112.5,421.7079624,210.8539812,773.8341111
CUSUR,Casuarina equisetifolia,C12-5-200,9.35,34.5,17.5,15.8,6.9,0.54,147.5,605.5241175,302.7620588,1111.136756
CUSUR,Casuarina equisetifolia,C12-5-201,5.07,25.4,14.8,12.7,5.8,0.64,81.2,277.9752172,138.9876086,510.0845235
CUSUR,Casuarina equisetifolia,C12-5-202,25.79,57.3,19.4,17.7,9.6,0.49,321.0,1840.669491,920.3347453,3377.628515
CUSUR,Casuarina equisetifolia,C12-5-203,4.49,23.9,13.5,11.3,6.8,0.75,96.9,225.4396668,112.7198334,413.6817886
CUSUR,Casuarina equisetifolia,C12-5-204,7.65,31.2,15.1,12.7,6.5,0.64,102.1,427.931707,213.9658535,785.2546823
CUSUR,Casuarina equisetifolia,C12-5-205,5.39,26.2,10.9,6.9,5.4,0.60,38.8,217.7594464,108.8797232,399.5885842
CUSUR,Casuarina equisetifolia,C12-5-206,16.76,46.2,16.5,14.6,9.5,0.52,254.4,1022.225092,511.1125459,1875.783043
CUSUR,Casuarina equisetifolia,C12-5-207,14.73,43.3,16.8,14.5,9.5,0.39,255.7,914.5665882,457.2832941,1678.229689
CUSUR,Casuarina equisetifolia,C12-5-208,5.73,27.0,16.8,15.8,6.2,0.50,117.0,356.9254148,178.4627074,654.9581361
CUSUR,Casuarina equisetifolia,C12-5-209,2.66,18.4,9.6,7.8,4.8,0.39,35.0,96.02305637,48.01152818,176.2023084
CUSUR,Casuarina equisetifolia,C12-5-210,4.41,23.7,13.3,11.1,6.3,0.47,86.3,218.3378829,109.1689414,400.6500151
CUSUR,Casuarina equisetifolia,C12-5-211,7.65,31.2,18.0,16.3,8.9,0.57,249.5,507.0919712,253.5459856,930.5137671
CUSUR,Casuarina equisetifolia,C12-5-212,11.70,38.6,16.5,14.6,8.9,0.58,225.3,712.0391549,356.0195775,1306.591849
CUSUR,Casuarina equisetifolia,C12-5-213,13.99,42.2,15.7,13.6,8.3,0.37,183.8,809.9979883,404.9989942,1486.346309
CUSUR,Casuarina equisetifolia,C12-5-214,20.35,50.9,18.9,17.4,10.3,0.47,361.2,1414.149444,707.0747222,2594.964231
CUSUR,Casuarina equisetifolia,C12-5-223,11.34,38.0,13.2,11.7,5.8,0.58,76.2,552.7740076,276.3870038,1014.340304
CUSUR,Casuarina equisetifolia,C12-5-224,13.20,41.0,12.1,10.3,5.2,0.59,53.1,588.7914169,294.3957084,1080.43225
CUSUR,Casuarina equisetifolia,C12-5-225,23.84,55.1,14.1,12.8,8.3,0.66,168.0,1237.00181,618.5009048,2269.898321
CUSUR,Casuarina equisetifolia,C12-5-226,11.46,38.2,16.1,15.0,6.0,0.64,104.4,679.142583,339.5712915,1246.22664
CUSUR,Casuarina equisetifolia,C12-5-227,24.89,56.3,17.3,15.5,5.9,0.70,103.1,1585.620319,792.8101594,2909.613285
CUSUR,Casuarina equisetifolia,C12-5-228,27.71,59.4,16.3,14.9,9.3,0.63,247.0,1663.381088,831.6905439,3052.304296
CUSUR,Casuarina equisetifolia,C12-5-229,30.97,62.8,20.0,18.4,11.0,0.54,437.7,2278.522931,1139.261465,4181.089578
CUSUR,Casuarina equisetifolia,C12-5-317,27.99,59.7,13.0,11.7,6.8,0.75,102.1,1341.403301,670.7016507,2461.475058
CUSUR,Casuarina equisetifolia,C12-5-318,7.12,30.1,14.6,12.7,5.3,0.78,66.4,383.5674996,191.7837498,703.8463617
CUSUR,Casuarina equisetifolia,C12-5-319,15.90,45.0,10.3,8.5,7.8,0.82,94.2,605.6131323,302.8065661,1111.300098
CUSUR,Casuarina equisetifolia,C12-5-320,11.04,37.5,16.5,10.5,8.3,0.78,134.8,674.2180724,337.1090362,1237.190163
CUSUR,Casuarina equisetifolia,C12-5-321,5.52,26.5,8.2,6.1,7.1,0.89,51.8,167.8081139,83.90405693,307.927889
CUSUR,Casuarina equisetifolia,C12-5-322,10.99,37.4,13.9,11.6,5.3,0.42,62.4,564.8453485,282.4226743,1036.491215
CUSUR,Casuarina equisetifolia,C12-5-323,11.40,38.1,15.5,13.4,9.0,0.85,193.0,654.2928803,327.1464402,1200.627435
CUSUR,Casuarina equisetifolia,C12-5-324,13.01,40.7,17.7,15.1,10.6,0.55,327.2,850.0582718,425.0291359,1559.856929
CUSUR,Casuarina equisetifolia,C12-5-325,5.39,26.2,1.5,1.4,8.4,0.76,18.0,32.53844813,16.26922406,59.70805232
CUSUR,Casuarina equisetifolia,C12-5-326,19.63,50.0,15.4,13.3,8.1,0.70,164.9,1111.334024,555.6670121,2039.297934
CUSUR,Casuarina equisetifolia,C12-5-327,8.71,33.3,13.8,12.3,5.9,0.79,79.4,444.8526404,222.4263202,816.3045951
CUSUR,Casuarina equisetifolia,C12-5-328,5.98,27.6,17.7,16.2,9.8,0.75,294.7,392.2906212,196.1453106,719.85329
CUSUR,Casuarina equisetifolia,C12-5-329,16.62,46.0,17.6,15.8,10.9,0.64,359.2,1075.498798,537.7493988,1973.540294
CUSUR,Casuarina equisetifolia,C12-5-330,6.38,28.5,16.8,13.8,9.8,0.80,244.3,395.6852427,197.8426214,726.0824204
CUSUR,Casuarina equisetifolia,C12-5-331,12.95,40.6,13.5,11.8,6.7,0.93,81.4,646.2242596,323.1121298,1185.821516
CUSUR,Casuarina equisetifolia,C12-5-332,6.03,27.7,13.5,10.4,7.9,0.86,113.4,301.9642858,150.9821429,554.1044645
CUSUR,Casuarina equisetifolia,C12-5-333,11.34,38.0,15.5,12.8,7.3,0.78,126.8,650.2341393,325.1170696,1193.179646
CUSUR,Casuarina equisetifolia,C12-5-334,16.84,46.3,15.9,12.8,8.1,0.63,162.5,986.3571312,493.1785656,1809.965336
CUSUR,Casuarina equisetifolia,C12-5-335,11.95,39.0,16.0,13.4,7.5,0.48,146.8,706.3345513,353.1672756,1296.123902
CUSUR,Casuarina equisetifolia,C12-5-336,1.43,13.5,5.7,4.6,4.4,0.72,16.9,32.26160673,16.13080336,59.20004834
CUSUR,Casuarina equisetifolia,C12-5-337,2.99,19.5,7.0,5.3,4.8,0.56,23.3,79.47990017,39.73995008,145.8456168
CUSUR,Casuarina equisetifolia,C12-5-338,10.12,35.9,14.7,12.6,4.9,0.79,54.8,547.7850775,273.8925388,1005.185617
CUSUR,Casuarina equisetifolia,C12-5-339,4.71,24.5,13.8,12.1,7.2,0.71,117.4,240.7880958,120.3940479,441.8461557
CUSUR,Casuarina equisetifolia,C12-5-340,3.27,20.4,13.4,11.0,6.6,0.73,89.3,162.7581772,81.37908859,298.6612551
CUSUR,Casuarina equisetifolia,C12-5-411,3.46,21.0,9.7,7.4,5.3,0.42,39.9,125.2805022,62.64025108,229.8897215
CUSUR,Casuarina equisetifolia,C12-5-412,8.19,32.3,10.9,8.7,6.9,0.60,79.5,331.9588539,165.9794269,609.1444968
CUSUR,Casuarina equisetifolia,C12-5-413,6.61,29.0,19.2,15.6,8.9,0.62,237.8,469.6228493,234.8114246,861.7579284
CUSUR,Casuarina equisetifolia,C12-5-414,49.64,79.5,21.4,20.1,10.6,0.35,453.8,3908.77158,1954.38579,7172.59585
CUSUR,Citrus × aurantiifolia,C12-5-34,3.66,21.6,6.6,4.7,6.0,0.64,32.9,77.88470396,38.94235198,142.9184318
CUSUR,Citrus × aurantiifolia,C12-5-102,0.50,8.0,3.3,2.4,4.1,0.47,7.8,6.101318969,3.050659484,11.19592031
CUSUR,Citrus × aurantiifolia,C12-5-103,0.44,7.5,2.8,2.1,3.4,0.46,4.8,4.631942269,2.315971134,8.499614063
CUSUR,Citrus × aurantiifolia,C12-5-106,0.66,9.2,2.4,0.9,2.5,0.66,1.0,5.793476502,2.896738251,10.63102938
CUSUR,Citrus × aurantiifolia,C12-5-313,0.28,6.0,2.9,2.6,3.2,0.85,4.6,3.07439778,1.53719889,5.641519927
CUSUR,Citrus × aurantiifolia,C12-5-315,0.36,6.8,3.1,1.7,1.9,0.84,1.0,4.1863718,2.0931859,7.681992253
CUSUR,Citrus × aurantiifolia,C12-5-316,1.54,14.0,3.8,3.0,3.9,0.55,8.6,19.93046439,9.965232197,36.57240216
CUSUR,Citrus aurantium,C12-5-14,1.37,13.2,3.3,0.8,2.5,0.47,0.9,15.75844776,7.879223882,28.91675165
CUSUR,Citrus aurantium,C12-5-63,0.64,9.0,3.6,2.6,3.2,0.00,5.2,8.309974297,4.154987148,15.24880283
CUSUR,Citrus aurantium,C12-5-64,0.50,8.0,4.4,2.7,4.0,0.00,8.5,8.032641511,4.016320756,14.73989717
CUSUR,Citrus aurantium,C12-5-65,1.13,12.0,4.1,2.7,4.4,0.36,10.1,16.28914549,8.144572747,29.89058198
CUSUR,Citrus aurantium,C12-5-66,0.64,9.0,3.6,2.3,4.1,0.42,7.7,8.244382269,4.122191134,15.12844146
CUSUR,Citrus aurantium,C12-5-237,2.69,18.5,5.0,3.4,4.4,0.53,12.4,44.05806507,22.02903254,80.84654941
CUSUR,Citrus aurantium,C12-5-275,2.01,16.0,5.7,3.6,5.8,0.75,22.8,38.04748015,19.02374008,69.81712608
CUSUR,Citrus aurantium,C12-5-311,0.57,8.5,3.4,2.0,3.0,0.26,3.5,7.016774159,3.50838708,12.87578058
CUSUR,Citrus reticulata,C12-5-32,1.94,15.7,7.3,5.4,4.5,0.67,20.7,46.4194998,23.2097499,85.17978214
CUSUR,Citrus reticulata ,C12-5-298,3.37,20.7,5.1,3.5,5.1,0.42,17.6,55.72278753,27.86139377,102.2513151
CULAGOS,Cupressus lusitanica,C13-5-3,1.81,15.2,7.9,6.5,2.7,0.70,8.7,38.35868525,19.17934262,70.38818743
CULAGOS,Cupressus lusitanica,C13-5-4,14.12,42.4,16.6,15.5,5.8,0.52,100.6,399.2932883,199.6466441,732.703184
CULAGOS,Cupressus lusitanica,C13-5-6,4.08,22.8,15.8,13.0,5.3,0.79,66.6,120.4851182,60.24255909,221.0901918
CULAGOS,Cupressus lusitanica,C13-5-8,1.23,12.5,8.7,7.4,2.5,0.28,8.7,32.31138998,16.15569499,59.29140061
CULAGOS,Cupressus lusitanica,C13-5-10,3.02,19.6,10.7,9.5,3.8,0.00,27.0,67.89320147,33.94660073,124.5840247
CULAGOS,Cupressus lusitanica,C13-5-14,7.31,30.5,13.9,9.9,3.2,0.34,20.0,181.2743284,90.6371642,332.6383926
CULAGOS,Cupressus lusitanica,C13-5-15,6.61,29.0,16.8,14.0,5.5,0.55,82.3,197.4828794,98.74143969,362.3810837
CULAGOS,Cupressus lusitanica,C13-5-70,4.20,23.1,7.8,6.6,5.0,0.20,31.9,68.74147489,34.37073745,126.1406064
CULAGOS,Cupressus lusitanica,C13-5-135,2.19,16.7,4.1,2.8,3.7,0.44,7.5,29.4436603,14.72183015,54.02911665
CULAGOS,Cupressus lusitanica,C13-5-140,3.73,21.8,10.0,6.9,3.9,0.66,19.6,75.82713636,37.91356818,139.1427952
CULAGOS,Cupressus lusitanica,C13-5-141,4.05,22.7,7.8,5.1,4.9,0.68,22.9,66.60719907,33.30359953,122.2242103
CUSUR,Cupressus sempervirens,C12-5-74,3.14,20.0,9.8,8.7,1.5,0.36,3.6,65.14236653,32.57118326,119.5362426
CUSUR,Cupressus sempervirens,C12-5-75,3.46,21.0,13.0,11.4,2.0,0.52,8.5,88.49176701,44.2458835,162.3823925
CUSUR,Cupressus sempervirens,C12-5-76,2.54,18.0,2.3,11.2,1.8,0.66,6.6,24.46507942,12.23253971,44.89342074
CUSUR,Cupressus sempervirens,C12-5-96,1.77,15.0,7.8,5.6,1.9,0.59,4.0,37.57553864,18.78776932,68.95111341
CUSUR,Cupressus sempervirens,C12-5-97,6.61,29.0,14.8,13.5,2.9,0.74,20.8,175.2391013,87.61955063,321.5637508
CUSUR,Cupressus sempervirens,C12-5-98,1.77,15.0,5.2,4.3,1.8,0.60,2.7,29.87443424,14.93721712,54.81958683
CUSUR,Cupressus sempervirens,C12-5-99,6.61,29.0,16.6,15.8,2.6,0.46,20.2,194.6633863,97.33169315,357.2073139
CUSUR,Cupressus sempervirens,C12-5-376,0.31,6.3,3.4,2.7,1.7,0.46,1.5,16.52416541,8.262082704,30.32184352
CUSUR,Cupressus sempervirens,C12-5-377,0.50,8.0,4.7,4.4,1.9,0.32,3.0,18.65198484,9.325992418,34.22639217
CUSUR,Dypsis lutescens,C12-5-281,0.44,7.5,4.6,1.4,2.9,0.36,2.2,1.57467822,0.78733911,2.889534533
CUSUR,Dypsis lutescens,C12-5-284,0.36,6.8,4.1,1.2,1.7,0.34,0.7,1.044004583,0.522002292,1.915748411
CUSUR,Dypsis lutescens,C12-5-285,0.44,7.5,3.6,1.3,2.0,0.75,1.0,0.930797108,0.465398554,1.708012694
CULAGOS,Eriobotrya japonica,C13-5-67,0.44,7.5,3.5,2.9,4.5,0.00,11.4,5.724231261,2.86211563,10.50396436
CULAGOS,Eucalyptus camaldulensis,C13-5-126,8.13,32.2,9.5,7.6,7.6,0.62,85.2,236.9370448,118.4685224,434.7794772
CULAGOS,Eucalyptus camaldulensis,C13-5-127,17.76,47.5,10.0,7.0,7.9,0.76,80.5,530.785646,265.392823,973.9916604
CULAGOS,Eucalyptus camaldulensis,C13-5-129,4.95,25.1,9.1,6.7,5.0,0.28,33.0,142.5914717,71.29573583,261.6553505
CULAGOS,Eucalyptus camaldulensis,C13-5-131,7.84,31.6,12.0,9.2,5.5,0.84,48.8,285.4505927,142.7252963,523.8018376
CULAGOS,Eucalyptus camaldulensis,C13-5-132,15.58,44.5,11.6,9.4,5.6,0.82,53.7,542.0295623,271.0147811,994.6242467
CULAGOS,Eucalyptus camaldulensis,C13-5-134,16.65,46.0,10.9,9.2,4.4,0.49,34.7,544.1327347,272.0663673,998.4835681
CULAGOS,Ficus benjamina,C13-5-2,19.57,49.9,12.3,10.9,8.6,0.59,156.5,725.3367177,362.6683588,1330.992877
CULAGOS,Ficus benjamina,C13-5-5,9.63,35.0,6.7,6.6,7.0,0.37,62.4,208.0943927,104.0471963,381.8532106
CULAGOS,Ficus benjamina,C13-5-9,8.60,33.1,9.5,7.8,8.9,0.47,120.1,260.3852965,130.1926483,477.8070191
CULAGOS,Ficus benjamina,C13-5-13,14.73,43.3,10.0,6.9,8.3,0.40,91.9,454.5997707,227.2998854,834.1905792
CULAGOS,Ficus benjamina,C13-5-17,10.53,36.6,10.3,6.8,7.1,0.63,65.8,340.710371,170.3551855,625.2035308
CULAGOS,Ficus benjamina,C13-5-24,7.13,30.1,10.3,8.6,7.5,0.63,92.2,236.7902955,118.3951478,434.5101923
CULAGOS,Ficus benjamina,C13-5-50,12.65,40.1,5.6,4.2,5.4,0.33,23.5,228.5125577,114.2562788,419.3205433
CULAGOS,Ficus benjamina,C13-5-51,5.92,27.5,6.7,5.2,4.9,0.58,24.1,132.7098314,66.35491569,243.5225406
CULAGOS,Ficus benjamina,C13-5-52,8.98,33.8,5.5,4.0,6.1,0.35,29.5,161.3288009,80.66440045,296.0383496
CULAGOS,Ficus benjamina,C13-5-66,5.10,25.5,5.7,4.1,5.0,0.28,20.1,97.72274539,48.8613727,179.3212378
CULAGOS,Ficus benjamina,C13-5-136,11.00,37.4,9.2,6.8,8.3,0.40,90.7,320.9706479,160.485324,588.981139
CULAGOS,Ficus benjamina,C13-5-137,7.52,30.9,7.2,4.6,6.9,0.24,42.7,177.7426672,88.8713336,326.1577943
CULAGOS,Ficus benjamina,C13-5-138,20.11,50.6,10.4,8.0,9.1,0.52,128.6,633.1198554,316.5599277,1161.774935
CUSUR,Ficus benjamina,C12-5-59,0.38,7.0,5.6,3.9,7.4,0.39,41.9,8.372095058,4.186047529,15.36279443
CUSUR,Ficus benjamina,C12-5-60,0.38,7.0,5.6,3.9,7.5,0.62,42.3,8.462890144,4.231445072,15.52940341
CUSUR,Ficus benjamina,C12-5-61,2.01,16.0,7.3,5.0,7.5,0.66,53.7,51.67584176,25.83792088,94.82516962
CUSUR,Ficus benjamina,C12-5-62,0.87,10.5,4.3,2.3,5.4,0.64,12.9,14.01032467,7.005162337,25.70894578
CUSUR,Ficus benjamina,C12-5-122,0.87,10.5,5.7,3.9,6.6,0.55,32.9,18.29321759,9.146608794,33.56805428
CUSUR,Ficus benjamina,C12-5-123,2.01,16.0,6.3,4.9,4.8,0.44,21.8,44.75672516,22.37836258,82.12859068
CUSUR,Ficus benjamina,C12-5-175,0.57,8.5,4.6,3.0,4.8,0.56,13.0,10.123306,5.061653002,18.57626652
CUSUR,Ficus benjamina,C12-5-176,4.79,24.7,4.7,3.2,5.9,0.31,21.4,77.09459727,38.54729863,141.468586
CUSUR,Ficus benjamina,C12-5-217,11.76,38.7,4.5,2.9,5.5,0.19,17.0,172.2939173,86.14695867,316.1593383
CUSUR,Ficus benjamina,C12-5-218,2.01,16.0,4.5,2.9,5.0,0.57,14.2,32.51248544,16.25624272,59.66041078
CUSUR,Ficus benjamina,C12-5-219,1.89,15.5,4.5,2.9,4.5,0.77,11.0,30.62089566,15.31044783,56.18934353
CUSUR,Ficus benjamina,C12-5-220,2.01,16.0,4.5,2.9,4.9,0.62,13.5,32.51248544,16.25624272,59.66041078
CUSUR,Ficus benjamina,C12-5-221,9.08,34.0,4.5,2.9,4.7,0.72,12.0,134.9285455,67.46427276,247.593881
CUSUR,Ficus benjamina,C12-5-222,1.65,14.5,4.5,2.9,5.4,0.27,16.7,26.99817647,13.49908823,49.54165382
CUSUR,Ficus benjamina,C12-5-238,0.95,11.0,4.9,3.8,5.1,0.42,18.9,17.409136,8.704568001,31.94576456
CUSUR,Ficus benjamina,C12-5-239,1.43,13.5,6.0,5.0,5.1,0.38,25.2,31.22850446,15.61425223,57.30430569
CUSUR,Ficus benjamina,C12-5-262,3.80,22.0,6.4,4.5,6.3,0.25,35.2,83.49130044,41.74565022,153.2065363
CUSUR,Ficus benjamina,C12-5-263,3.46,21.0,6.6,4.7,6.0,0.39,32.9,78.89361431,39.44680715,144.7697823
CUSUR,Ficus benjamina,C12-5-264,4.52,24.0,6.6,4.9,5.6,0.59,29.9,101.5151004,50.7575502,186.2802092
CUSUR,Ficus benjamina,C12-5-265,4.49,23.9,6.4,5.0,5.4,0.69,27.2,97.63844886,48.81922443,179.1665537
CUSUR,Ficus benjamina,C12-5-266,2.38,17.4,6.9,5.0,5.2,0.74,25.4,57.0385403,28.51927015,104.6657214
CUSUR,Ficus benjamina,C12-5-267,2.04,16.1,6.9,5.0,6.9,0.58,45.9,49.26048415,24.63024207,90.39298841
CUSUR,Ficus benjamina,C12-5-277,0.79,10.0,5.6,3.8,7.7,0.64,43.2,16.53065377,8.265326883,30.33374966
CUSUR,Ficus benjamina,C12-5-286,1.33,13.0,4.1,2.7,5.1,0.49,13.7,20.08432922,10.04216461,36.85474413
CUSUR,Ficus benjamina,C12-5-287,0.38,7.0,4.1,2.7,4.7,0.67,11.7,6.241333397,3.120666698,11.45284678
CUSUR,Ficus benjamina,C12-5-288,1.13,12.0,4.1,2.7,4.7,0.67,11.7,17.26738114,8.633690569,31.68564439
CUSUR,Ficus benjamina,C12-5-289,1.99,15.9,3.9,2.5,4.6,0.71,10.2,27.88183888,13.94091944,51.16317435
CUSUR,Ficus benjamina,C12-5-291,0.55,8.4,5.2,3.8,4.6,0.62,15.4,11.04643727,5.523218634,20.27021239
CUSUR,Ficus benjamina,C12-5-341,6.33,28.4,13.4,11.0,5.2,0.45,58.1,270.03502,135.01751,495.5142617
CUSUR,Ficus benjamina,C12-5-342,14.19,42.5,6.1,4.6,8.0,0.63,56.7,274.6647906,137.3323953,504.0098908
CUSUR,Ficus benjamina,C12-5-343,2.32,17.2,6.4,5.0,9.5,0.54,88.9,52.14089239,26.0704462,95.67853754
CUSUR,Ficus benjamina,C12-5-344,2.69,18.5,6.5,5.1,9.7,0.28,93.9,60.56581426,30.28290713,111.1382692
CUSUR,Ficus benjamina,C12-5-345,2.27,17.0,4.8,3.4,8.9,0.45,53.1,39.27863518,19.63931759,72.07629556
CUSUR,Ficus benjamina,C12-5-346,2.27,17.0,4.8,3.3,8.8,0.64,49.2,39.27863518,19.63931759,72.07629556
CUSUR,Ficus benjamina,C12-5-347,1.37,13.2,4.6,3.1,6.4,0.74,23.8,23.3762121,11.68810605,42.89534921
CUSUR,Ficus benjamina,C12-5-348,1.65,14.5,4.7,3.9,6.6,0.61,32.3,28.49956991,14.24978495,52.29671078
CUSUR,Ficus benjamina,C12-5-349,0.47,7.7,4.5,3.0,6.2,0.62,22.1,8.272201691,4.136100846,15.1794901
CUSUR,Ficus benjamina,C12-5-350,1.61,14.3,4.3,2.8,7.0,0.40,27.1,25.4850025,12.74250125,46.76497959
CUSUR,Ficus benjamina,C12-5-351,7.74,31.4,4.5,3.1,7.4,0.84,30.2,117.5248759,58.76243794,215.6581472
CUSUR,Ficus benjamina,C12-5-352,1.54,14.0,4.6,3.1,7.7,0.31,36.4,26.12283386,13.06141693,47.93540014
CUSUR,Ficus benjamina,C12-5-353,2.63,18.3,5.1,3.6,6.7,0.49,31.4,46.98241368,23.49120684,86.21272911
CUSUR,Ficus benjamina,C12-5-388,0.28,6.0,4.4,3.1,4.3,0.46,10.9,4.981052134,2.490526067,9.140230666
CUSUR,Ficus benjamina,C12-5-389,5.73,27.0,5.2,4.1,5.4,0.60,23.2,100.2844072,50.14220359,184.0218872
CUSUR,Ficus benjamina,C12-5-398,1.33,13.0,5.1,3.0,5.0,0.55,14.1,24.98277474,12.49138737,45.84339165
CUSUR,Ficus benjamina f. variegata,C12-5-174,0.55,8.4,3.8,2.2,3.7,0.32,6.0,8.33336316,4.16668158,15.2917214
CUSUR,Ficus benjamina f. variegata,C12-5-278,0.50,8.0,4.9,4.1,4.6,0.48,16.8,9.595435067,4.797717534,17.60762335
CULAGOS,Ficus microcarpa,C13-5-36,4.07,22.8,5.1,3.3,4.6,0.59,13.5,71.1862691,35.59313455,130.6268038
CULAGOS,Ficus microcarpa,C13-5-37,14.85,43.5,10.5,8.2,7.4,0.36,87.1,478.7719355,239.3859677,878.5465016
CULAGOS,Ficus microcarpa,C13-5-68,4.18,23.1,5.2,3.9,3.8,0.69,10.7,74.94785924,37.47392962,137.5293217
CUSUR,Ficus microcarpa,C12-5-1,2.84,19.0,5.5,4.1,5.7,0.32,25.4,54.38716461,27.19358231,99.80044707
CUSUR,Ficus microcarpa,C12-5-2,4.71,24.5,5.7,4.8,5.7,0.50,30.2,91.42093581,45.71046791,167.7574172
CUSUR,Ficus microcarpa,C12-5-3,1.13,12.0,5.2,4.2,6.5,0.17,34.2,21.73252124,10.86626062,39.87917647
CUSUR,Ficus microcarpa,C12-5-4,0.77,9.9,5.9,4.8,6.4,0.50,37.8,17.14805372,8.574026862,31.46667858
CUSUR,Ficus microcarpa,C12-5-5,2.99,19.5,4.1,3.2,5.1,0.60,15.6,43.39407202,21.69703601,79.62812215
CUSUR,Ficus microcarpa,C12-5-109,0.57,8.5,5.9,4.4,5.7,0.32,27.6,12.78979246,6.394896231,23.46926917
CUSUR,Ficus microcarpa,C12-5-110,4.15,23.0,5.0,3.4,5.2,0.45,18.0,72.05030267,36.02515134,132.2123054
CUSUR,Ficus microcarpa,C12-5-111,3.80,22.0,4.9,3.4,5.0,0.60,16.0,64.17601631,32.08800816,117.7629899
CUSUR,Ficus microcarpa,C12-5-112,1.33,13.0,5.0,3.5,5.2,0.49,18.0,24.53684414,12.26842207,45.025109
CUSUR,Ficus microcarpa,C12-5-113,2.14,16.5,5.4,3.9,5.3,0.56,21.3,41.41811328,20.70905664,76.00223786
CUSUR,Ficus microcarpa,C12-5-114,0.28,6.0,5.4,3.9,5.9,0.26,26.6,6.133808113,3.066904056,11.25553789
CUSUR,Ficus microcarpa,C12-5-115,2.27,17.0,4.6,3.0,5.4,0.54,16.8,37.12747583,18.56373792,68.12891815
CUSUR,Ficus microcarpa,C12-5-116,3.14,20.0,4.6,3.0,6.2,0.45,22.3,50.46060955,25.23030477,92.59521852
CUSUR,Ficus microcarpa,C12-5-117,0.57,8.5,6.8,5.1,5.5,0.32,29.7,14.61093629,7.305468144,26.81106809
CUSUR,Ficus microcarpa,C12-5-118,2.01,16.0,5.0,3.0,5.3,0.45,16.6,36.15848189,18.07924094,66.35081426
CUSUR,Ficus microcarpa,C12-5-119,1.23,12.5,5.0,2.9,5.7,0.32,18.2,22.44716847,11.22358424,41.19055415
CUSUR,Ficus microcarpa,C12-5-120,2.69,18.5,5.4,3.7,6.5,0.54,29.8,50.81056026,25.40528013,93.23737807
CUSUR,Ficus microcarpa,C12-5-121,3.80,22.0,5.3,3.4,6.2,0.57,25.7,69.40804344,34.70402172,127.3637597
CUSUR,Ficus microcarpa,C12-5-124,0.87,10.5,3.2,1.2,3.9,0.22,3.5,10.66688938,5.33344469,19.57374201
CUSUR,Ficus microcarpa,C12-5-245,3.63,21.5,7.2,5.6,7.3,0.66,56.7,88.67149953,44.33574977,162.7122016
CUSUR,Ficus microcarpa,C12-5-246,5.47,26.4,4.9,3.4,6.2,0.60,25.1,90.68407015,45.34203507,166.4052687
CULAGOS,Fraxinus uhdei,C13-5-38,25.34,56.8,15.0,11.9,14.3,0.33,476.7,1226.950926,613.475463,2251.454949
CULAGOS,Fraxinus uhdei,C13-5-41,26.88,58.5,12.6,10.2,11.4,0.32,260.5,1120.744041,560.3720206,2056.565316
CULAGOS,Fraxinus uhdei,C13-5-43,15.21,44.0,12.5,9.7,10.2,0.49,198.0,651.1240943,325.5620472,1194.812713
CULAGOS,Fraxinus uhdei,C13-5-81,4.11,22.9,13.7,9.9,5.7,0.19,62.2,205.8359625,102.9179813,377.7089912
CULAGOS,Fraxinus uhdei,C13-5-83,3.50,21.1,5.8,3.1,4.9,0.47,14.6,104.804488,52.40224398,192.3162354
CULAGOS,Fraxinus uhdei,C13-5-84,9.26,34.3,8.4,6.1,8.2,0.58,78.9,308.9580036,154.4790018,566.9379366
CULAGOS,Fraxinus uhdei,C13-5-85,3.32,20.6,10.6,7.5,4.5,0.60,29.4,141.9731928,70.98659641,260.5208088
CULAGOS,Fraxinus uhdei,C13-5-86,4.87,24.9,9.0,6.7,6.6,0.51,57.3,181.764743,90.88237148,333.5383033
CULAGOS,Fraxinus uhdei,C13-5-87,5.60,26.7,9.9,7.0,7.5,0.16,76.6,219.452525,109.7262625,402.6953834
CULAGOS,Fraxinus uhdei,C13-5-88,11.04,37.5,8.1,5.8,9.3,0.42,96.5,353.0410945,176.5205473,647.8304084
CULAGOS,Fraxinus uhdei,C13-5-89,12.97,40.6,8.2,6.1,8.4,0.22,84.8,411.1398025,205.5699013,754.4415376
CULAGOS,Fraxinus uhdei,C13-5-133,3.60,21.4,8.2,6.1,5.8,0.84,37.1,130.5646965,65.28234826,239.5862181
CUSUR,Fraxinus uhdei,C12-5-72,0.28,6.0,3.0,2.0,3.1,0.48,3.7,17.55411658,8.777058291,32.21180393
CUSUR,Fraxinus uhdei,C12-5-137,23.50,54.7,14.4,11.7,14.0,0.21,447.7,1103.937509,551.9687543,2025.725328
CUSUR,Fraxinus uhdei,C12-5-253,6.29,28.3,7.7,6.1,7.4,0.51,64.3,206.998978,103.499489,379.8431246
CULAGOS,Fraxinus uhdei ,C13-5-32,11.80,38.8,13.6,12.1,8.1,0.77,146.5,551.4030748,275.7015374,1011.824642
CULAGOS,Fraxinus uhdei ,C13-5-33,4.18,23.1,4.2,2.5,2.3,0.54,2.6,105.4331556,52.71657779,193.4698405
CULAGOS,Grevillea robusta,C13-5-7,4.15,23.0,11.6,10.0,6.8,0.43,89.0,148.7427638,74.37138189,272.9429715
CULAGOS,Grevillea robusta,C13-5-113,5.52,26.5,10.8,7.1,6.6,0.38,59.4,182.6052234,91.30261169,335.0805849
CULAGOS,Grevillea robusta,C13-5-114,2.19,16.7,10.6,6.2,4.2,0.59,20.6,74.55520857,37.27760428,136.8088077
CULAGOS,Grevillea robusta,C13-5-115,5.60,26.7,13.1,8.6,7.5,0.71,92.1,221.3756572,110.6878286,406.2243309
CULAGOS,Grevillea robusta,C13-5-116,4.83,24.8,11.6,7.3,6.7,0.57,62.8,172.0026257,86.00131287,315.6248182
CULAGOS,Grevillea robusta,C13-5-117,6.03,27.7,12.4,8.0,7.5,0.67,86.8,226.7413619,113.3706809,416.070399
CULAGOS,Grevillea robusta,C13-5-118,8.40,32.7,12.1,7.9,8.5,0.48,110.5,302.1371856,151.0685928,554.4217356
CULAGOS,Grevillea robusta,C13-5-119,9.19,34.2,15.2,12.9,7.9,0.61,155.6,409.9379555,204.9689777,752.2361483
CULAGOS,Grevillea robusta,C13-5-120,6.61,29.0,13.9,10.6,7.2,0.78,100.9,275.1435596,137.5717798,504.8884319
CULAGOS,Grevillea robusta,C13-5-121,3.80,22.0,13.0,10.4,4.9,0.79,45.5,153.1013294,76.55066469,280.9409394
CULAGOS,Grevillea robusta,C13-5-122,4.64,24.3,12.2,9.8,5.4,0.19,54.9,174.0243125,87.01215624,319.3346134
CULAGOS,Grevillea robusta,C13-5-123,4.52,24.0,12.4,9.1,5.7,0.40,57.0,171.8048149,85.90240744,315.2618353
CULAGOS,Grevillea robusta,C13-5-124,4.56,24.1,13.0,10.5,4.9,0.43,48.5,181.4362562,90.7181281,332.9355301
CULAGOS,Grevillea robusta,C13-5-125,5.39,26.2,10.2,7.2,6.1,0.45,51.6,168.7893092,84.39465458,309.7283823
CULAGOS,Grevillea robusta,C13-5-139,4.52,24.0,12.5,9.1,8.0,0.22,114.6,173.0489653,86.52448267,317.5448514
CUSUR,Grevillea robusta,C12-5-56,15.90,45.0,13.0,10.6,11.5,0.53,271.2,595.0393987,297.5196993,1091.897297
CUSUR,Grevillea robusta,C12-5-57,35.78,67.5,16.0,15.6,13.5,0.40,559.1,1562.114753,781.0573765,2866.480572
CUSUR,Grevillea robusta,C12-5-58,25.79,57.3,14.6,12.7,11.4,0.13,320.4,1053.434354,526.717177,1933.05204
CUSUR,Hibiscus tiliaceus,C12-5-276,7.45,30.8,8.9,6.9,12.3,0.18,204.8,201.2622994,100.6311497,369.3163195
CUSUR,Jacaranda mimosifolia,C12-5-15,77.76,99.5,20.4,18.3,20.0,0.32,1460.1,3755.704281,1877.85214,6891.717355
CUSUR,Jacaranda mimosifolia,C12-5-16,93.66,109.2,19.7,16.3,21.9,0.76,1477.2,4173.821329,2086.910665,7658.962139
CUSUR,Jacaranda mimosifolia,C12-5-17,44.06,74.9,16.3,13.9,11.9,0.55,381.3,2462.280563,1231.140281,4518.284832
CUSUR,Jacaranda mimosifolia,C12-5-18,40.83,72.1,16.3,14.7,12.9,0.51,474.9,2347.9424,1173.9712,4308.474305
CUSUR,Jacaranda mimosifolia,C12-5-19,65.18,91.1,20.2,18.8,14.8,0.65,804.9,3354.602157,1677.301078,6155.694958
CUSUR,Jacaranda mimosifolia,C12-5-53,13.53,41.5,16.9,11.6,18.5,0.44,777.9,1190.608562,595.3042809,2184.766711
CUSUR,Jacaranda mimosifolia,C12-5-54,102.97,114.5,19.0,18.2,20.8,0.44,1567.1,4380.39106,2190.19553,8038.017595
CUSUR,Jacaranda mimosifolia,C12-5-55,87.42,105.5,21.3,19.1,20.5,0.65,1577.6,4094.067372,2047.033686,7512.613628
CUSUR,Jacaranda mimosifolia,C12-5-80,20.99,51.7,13.9,10.5,14.4,0.55,423.8,1474.619231,737.3096153,2705.926288
CUSUR,Jacaranda mimosifolia,C12-5-81,10.75,37.0,16.5,13.9,16.5,0.47,734.6,1023.220663,511.6103317,1877.609917
CUSUR,Jacaranda mimosifolia,C12-5-82,19.48,49.8,16.0,12.5,12.0,0.22,351.1,1470.085791,735.0428955,2697.607427
CUSUR,Jacaranda mimosifolia,C12-5-107,1.77,15.0,8.6,6.2,8.6,0.21,90.0,272.0451515,136.0225757,499.202853
CUSUR,Jacaranda mimosifolia,C12-5-133,18.25,48.2,20.8,19.2,15.8,0.85,878.5,1528.395738,764.1978692,2804.60618
CUSUR,Jacaranda mimosifolia,C12-5-134,53.20,82.3,22.9,21.8,17.8,0.75,1355.6,3065.775185,1532.887593,5625.697465
CUSUR,Jacaranda mimosifolia,C12-5-144,9.35,34.5,11.7,9.4,11.5,0.49,241.9,846.1657757,423.0828879,1552.714198
CUSUR,Jacaranda mimosifolia,C12-5-187,34.21,66.0,13.1,11.2,11.7,0.63,296.5,1966.448173,983.2240866,3608.432398
CUSUR,Jacaranda mimosifolia,C12-5-283,22.99,54.1,15.6,13.2,13.2,0.41,450.6,1617.885936,808.9429678,2968.820692
CUSUR,Jacaranda mimosifolia,C12-5-390,3.63,21.5,9.7,8.0,6.2,0.60,59.8,442.5469194,221.2734597,812.0735971
CUSUR,Jacaranda mimosifolia,C12-5-391,1.33,13.0,5.3,5.0,8.0,0.34,61.8,196.8126835,98.40634174,361.1512742
CUSUR,Jacaranda mimosifolia,C12-5-392,0.71,9.5,7.9,7.1,8.5,0.46,100.2,150.1848945,75.09244727,275.5892815
CUSUR,Jacaranda mimosifolia,C12-5-393,1.09,11.8,7.1,5.7,5.7,0.44,36.3,190.8664358,95.4332179,350.2399097
CUSUR,Jacaranda mimosifolia,C12-5-394,0.42,7.3,8.2,6.9,7.6,0.23,78.4,109.4504882,54.7252441,200.8416459
CUSUR,Jacaranda mimosifolia,C12-5-395,1.17,12.2,5.1,3.7,5.9,0.63,24.8,179.5508664,89.77543318,329.4758398
CUSUR,Jacaranda mimosifolia,C12-5-396,1.81,15.2,9.3,8.3,5.5,0.83,44.7,283.5611075,141.7805537,520.3346322
CUSUR,Jacaranda mimosifolia,C12-5-397,2.27,17.0,10.1,9.6,10.0,0.49,187.1,334.831205,167.4156025,614.4152612
CULAGOS,Ligustrum lucidum,C13-5-59,0.47,7.7,4.5,2.9,4.8,0.69,12.3,7.617210146,3.808605073,13.97758062
CULAGOS,Ligustrum lucidum,C13-5-62,0.26,5.8,3.6,2.3,3.4,0.46,5.1,3.612599519,1.80629976,6.629120118
CULAGOS,Ligustrum lucidum,C13-5-63,0.70,9.4,4.7,3.3,3.4,0.55,7.5,11.59400039,5.797000195,21.27499072
CUSUR,Ligustrum lucidum,C12-5-305,1.39,13.3,7.1,5.9,8.8,0.00,90.1,32.82869574,16.41434787,60.24065669
CUSUR,Liquidambar styraciflua,C12-5-354,0.32,6.4,5.1,2.7,1.2,0.53,0.8,6.053636933,3.026818467,11.10842377
CUSUR,Liquidambar styraciflua,C12-5-355,0.38,7.0,6.1,3.6,1.5,0.48,1.6,8.448204492,4.224102246,15.50245524
CUSUR,Liquidambar styraciflua,C12-5-356,0.38,7.0,6.4,3.9,1.2,0.53,1.1,8.818929629,4.409464814,16.18273587
CUSUR,Liquidambar styraciflua,C12-5-357,0.36,6.8,5.7,3.3,1.8,0.60,2.1,7.428955906,3.714477953,13.63213409
CUSUR,Liquidambar styraciflua,C12-5-358,0.38,7.0,5.1,2.3,1.9,0.65,1.5,7.159008482,3.579504241,13.13678056
CUSUR,Liquidambar styraciflua,C12-5-359,0.43,7.4,6.6,5.5,2.7,0.56,7.5,10.08154674,5.04077337,18.49963827
CUSUR,Liquidambar styraciflua,C12-5-360,0.44,7.5,5.0,3.5,1.7,0.61,2.0,7.906031156,3.953015578,14.50756717
CUSUR,Liquidambar styraciflua,C12-5-361,0.36,6.8,5.1,3.9,1.8,0.54,2.3,6.775378085,3.387689042,12.43281879
CUSUR,Liquidambar styraciflua,C12-5-362,0.36,6.8,5.7,3.3,2.0,0.31,2.5,7.428955906,3.714477953,13.63213409
CUSUR,Liquidambar styraciflua,C12-5-363,0.41,7.2,5.8,4.1,1.7,0.61,2.3,8.53092232,4.26546116,15.65424246
CUSUR,Liquidambar styraciflua,C12-5-364,0.45,7.6,5.3,3.5,1.8,0.45,2.2,8.635284803,4.317642401,15.84574761
CUSUR,Liquidambar styraciflua,C12-5-365,0.38,7.0,4.8,3.6,1.7,0.55,1.9,6.713068663,3.356534332,12.318481
CUSUR,Liquidambar styraciflua,C12-5-366,0.38,7.0,6.4,4.5,1.8,0.60,2.8,8.818929629,4.409464814,16.18273587
CUSUR,Liquidambar styraciflua,C12-5-367,0.33,6.5,6.8,3.2,3.7,0.53,8.5,8.111163116,4.055581558,14.88398432
CUSUR,Liquidambar styraciflua,C12-5-368,0.42,7.3,5.2,3.4,1.8,0.45,2.2,7.875775725,3.937887863,14.45204846
CUSUR,Liquidambar styraciflua,C12-5-369,0.43,7.4,5.8,2.5,2.1,0.30,2.0,8.932844823,4.466422412,16.39177025
CUSUR,Liquidambar styraciflua,C12-5-370,0.41,7.2,5.3,4.0,2.5,0.66,4.6,7.819908293,3.909954147,14.34953172
CUSUR,Liquidambar styraciflua,C12-5-371,0.41,7.2,2.5,2.1,1.7,0.55,1.1,3.832826826,1.916413413,7.033237226
CUSUR,Magnolia grandiflora,C12-5-261,1.13,12.0,5.1,3.9,6.8,0.29,35.1,19.93475803,9.967379013,36.58028098
CUSUR,Magnolia grandiflora,C12-5-268,0.58,8.6,4.9,3.7,6.8,0.33,33.3,10.08956309,5.044781546,18.51434827
CUSUR,Mangifera indica,C12-5-8,2.87,19.1,5.6,4.0,5.3,0.27,22.2,52.31271073,26.15635536,95.99382419
CUSUR,Mangifera indica,C12-5-20,3.30,20.5,5.4,3.3,4.4,0.00,12.5,58.30222893,29.15111447,106.9845901
CUSUR,Mangifera indica,C12-5-21,2.41,17.5,6.1,4.3,6.7,0.17,37.6,47.87650065,23.93825033,87.8533787
CUSUR,Mangifera indica,C12-5-31,8.30,32.5,7.7,4.8,8.9,0.15,74.1,193.8637613,96.93188064,355.7400019
CUSUR,Melia azedarach,C12-5-399,0.22,5.3,3.7,2.4,3.8,0.32,6.8,3.077411339,1.538705669,5.647049807
CULAGOS,Morus alba,C13-5-34,3.84,22.1,6.3,4.9,6.1,0.25,35.6,83.03785081,41.5189254,152.3744562
CULAGOS,Morus alba,C13-5-35,6.86,29.6,7.6,6.0,7.5,0.52,66.0,171.7583064,85.87915321,315.1764923
CULAGOS,Morus alba,C13-5-39,1.81,15.2,2.5,1.8,5.1,0.00,9.0,16.89163174,8.445815872,30.99614425
CULAGOS,Morus alba,C13-5-42,0.71,9.5,7.1,5.1,5.6,0.41,30.7,18.74074166,9.370370828,34.38926094
CULAGOS,Persea americana,C13-5-25,1.04,11.5,8.0,3.0,1.7,0.93,1.3,28.0476936,14.0238468,51.46751775
CULAGOS,Persea americana,C13-5-26,0.50,8.0,2.1,1.1,0.9,0.71,0.1,3.930106487,1.965053243,7.211745403
CULAGOS,Persea americana,C13-5-29,1.09,11.8,6.8,5.2,4.3,0.30,19.0,25.27051215,12.63525608,46.3713898
CUSUR,Persea americana,C12-5-29,19.79,50.2,11.7,7.9,10.7,0.19,177.3,663.8717409,331.9358705,1218.204645
CUSUR,Persea americana,C12-5-30,10.75,37.0,10.5,5.0,7.8,0.63,58.5,335.968701,167.9843505,616.5025663
CUSUR,Persea americana,C12-5-308,13.59,41.6,12.8,11.8,14.0,0.21,449.4,503.1868113,251.5934056,923.3477987
CUSUR,Phoenix roebelenii,C12-5-235,0.90,10.7,2.7,1.2,2.5,0.38,1.4,0.885357455,0.442678727,1.624630929
CUSUR,Phoenix roebelenii,C12-5-236,1.02,11.4,1.9,1.1,2.1,0.30,0.9,0.509550633,0.254775317,0.935025412
CUSUR,Phoenix roebelenii,C12-5-380,0.95,11.0,2.9,2.0,3.2,0.34,4.1,1.131345914,0.565672957,2.076019752
CUSUR,Phoenix roebelenii,C12-5-381,1.00,11.3,3.3,2.2,3.3,0.75,4.4,1.55951385,0.779756925,2.861707915
CUSUR,Phoenix roebelenii,C12-5-382,1.13,12.0,2.7,1.6,2.7,0.64,2.1,1.082657531,0.541328765,1.986676569
CUSUR,Phoenix roebelenii,C12-5-383,0.53,8.2,2.1,1.2,1.9,0.44,0.9,0.332126707,0.166063354,0.609452508
CUSUR,Phoenix roebelenii,C12-5-384,1.00,11.3,2.4,1.3,2.6,0.52,1.7,0.755550113,0.377775056,1.386434457
CUSUR,Phoenix roebelenii,C12-5-386,0.77,9.9,2.3,1.2,2.1,0.00,1.1,0.581216122,0.290608061,1.066531583
CUSUR,Phoenix roebelenii,C12-5-387,0.90,10.7,2.9,1.5,2.4,0.29,1.7,1.04176329,0.520881645,1.911635636
CUSUR,Pinus herrerae,C12-5-71,18.10,48.0,11.6,10.1,10.4,0.19,213.9,555.4722646,277.7361323,1019.291605
CUSUR,Pinus herrerae,C12-5-77,34.21,66.0,17.9,15.7,13.1,0.38,528.9,1516.613932,758.3069659,2782.986565
CULAGOS,Pinus devoniana,C13-5-40,0.41,7.2,4.1,2.8,4.8,0.56,12.2,5.855753927,2.927876963,10.74530846
CUSUR,Pinus herrerae,C12-5-35,1.54,14.0,6.5,4.8,4.5,0.45,18.7,31.70299185,15.85149592,58.17499004
CUSUR,Pinus herrerae,C12-5-36,2.54,18.0,5.7,4.3,6.6,0.34,36.8,45.27453495,22.63726748,83.07877164
CUSUR,Pinus herrerae,C12-5-37,2.60,18.2,6.8,5.4,6.3,0.35,42.3,54.71713767,27.35856884,100.4059476
CUSUR,Pinus herrerae,C12-5-38,2.27,17.0,5.9,4.0,4.7,0.21,16.8,41.79763234,20.89881617,76.69865534
CUSUR,Pinus herrerae,C12-5-39,2.14,16.5,5.4,4.0,4.6,0.21,16.1,36.2310222,18.1155111,66.48392574
CUSUR,Pinus herrerae,C12-5-40,1.33,13.0,4.8,3.3,3.8,0.44,9.3,20.7814358,10.3907179,38.1339347
CUSUR,Plumeria rubra,C12-5-274,0.38,7.0,7.5,5.3,9.0,0.21,84.2,10.22249918,5.111249591,18.758286
CULAGOS,Populus tremuloides,C13-5-79,8.92,33.7,10.5,8.4,6.4,0.34,67.7,284.1738397,142.0869198,521.4589958
CULAGOS,Populus tremuloides,C13-5-80,12.98,40.7,15.3,13.4,8.6,0.54,190.2,593.9395937,296.9697969,1089.879154
CULAGOS,Populus tremuloides,C13-5-82,21.32,52.1,14.5,11.3,10.7,0.47,251.7,915.715691,457.8578455,1680.338293
CULAGOS,Prunus persica,C13-5-112,2.52,17.9,4.6,3.8,5.8,0.64,24.0,38.37736494,19.18868247,70.42246467
CUSUR,Psidium cattleianum,C12-5-7,0.66,9.2,5.2,3.5,4.5,0.29,13.7,12.10371207,6.051856037,22.21031166
CUSUR,Psidium cattleianum,C12-5-28,0.31,6.3,3.4,1.7,3.0,0.26,2.9,3.915452489,1.957726245,7.184855318
CUSUR,Psidium guajava,C12-5-10,2.54,18.0,8.3,7.1,7.9,0.47,86.3,68.41214058,34.20607029,125.536278
CUSUR,Psidium guajava,C12-5-11,2.22,16.8,6.3,4.3,8.1,0.34,54.1,45.60322219,22.8016111,83.68191272
CUSUR,Psidium guajava,C12-5-12,1.79,15.1,6.8,5.2,7.0,0.52,48.8,40.09612493,20.04806247,73.57638925
CUSUR,Psidium guajava,C12-5-13,1.39,13.3,6.0,4.0,7.9,0.27,47.8,28.19039102,14.09519551,51.72936752
CUSUR,Psidium guajava,C12-5-22,1.70,14.7,5.1,3.9,8.3,0.37,52.3,28.89761467,14.44880733,53.02712292
CUSUR,Psidium guajava,C12-5-23,0.71,9.5,5.1,3.9,6.2,0.69,28.8,12.78914322,6.394571612,23.46807781
CUSUR,Psidium guajava,C12-5-24,0.31,6.3,6.4,4.8,6.2,0.50,35.5,7.195535287,3.597767643,13.20380725
CUSUR,Psidium guajava,C12-5-25,0.79,10.0,5.6,4.1,5.6,0.36,24.9,15.36744387,7.683721937,28.19925951
CUSUR,Psidium guajava,C12-5-26,0.79,10.0,7.4,5.5,6.6,0.34,46.8,19.94514739,9.972573694,36.59934546
CUSUR,Psidium guajava,C12-5-27,0.71,9.5,4.6,3.0,6.6,0.24,25.8,11.48214339,5.741071693,21.06973311
CUSUR,Psidium guajava,C12-5-33,2.52,17.9,9.7,8.5,8.5,0.44,119.4,78.25918133,39.12959067,143.6055977
CUSUR,Psidium guajava,C12-5-46,0.58,8.6,5.2,3.6,6.4,0.30,28.6,10.6770248,5.338512399,19.5923405
CUSUR,Psidium guajava,C12-5-47,0.28,6.0,5.8,4.6,6.6,0.46,39.3,5.997039343,2.998519671,11.00456719
CUSUR,Psidium guajava,C12-5-48,0.72,9.6,5.8,4.6,7.0,0.24,44.3,14.64754581,7.323772906,26.87824657
CUSUR,Psidium guajava,C12-5-49,2.27,17.0,6.6,5.4,6.8,0.57,47.6,48.95982435,24.47991218,89.84127768
CUSUR,Psidium guajava,C12-5-50,0.95,11.0,6.6,5.2,7.6,0.44,58.4,21.4108053,10.70540265,39.28882773
CUSUR,Psidium guajava,C12-5-51,1.54,14.0,6.8,5.4,9.1,0.35,87.8,35.04088329,17.52044164,64.30002084
CUSUR,Psidium guajava,C12-5-52,0.33,6.5,4.0,2.3,7.7,0.35,26.3,4.935919006,2.467959503,9.057411376
CUSUR,Psidium guajava,C12-5-78,1.33,13.0,7.0,5.4,8.5,0.15,75.2,31.26368818,15.63184409,57.36886782
CUSUR,Psidium guajava,C12-5-79,1.23,12.5,6.9,4.9,6.5,0.52,40.5,28.50569973,14.25284987,52.30795901
CUSUR,Psidium guajava,C12-5-83,0.44,7.5,5.5,3.6,6.5,0.59,29.6,8.726111599,4.3630558,16.01241478
CUSUR,Psidium guajava,C12-5-84,0.64,9.0,4.6,2.9,4.8,0.61,12.5,10.39060526,5.195302629,19.06676065
CUSUR,Psidium guajava,C12-5-85,0.57,8.5,5.5,3.9,7.2,0.57,38.9,11.06879442,5.534397209,20.31123776
CUSUR,Psidium guajava,C12-5-86,0.28,6.0,3.5,2.1,3.9,0.74,5.8,3.746662632,1.873331316,6.87512593
CUSUR,Psidium guajava,C12-5-87,0.64,9.0,7.6,6.8,8.4,0.48,92.9,16.78780345,8.393901723,30.80561932
CUSUR,Psidium guajava,C12-5-88,0.20,5.0,6.0,4.6,5.7,0.19,28.8,4.393655386,2.196827693,8.062357633
CUSUR,Psidium guajava,C12-5-89,0.26,5.7,4.3,3.0,4.0,0.61,9.0,4.053573698,2.026786849,7.438307735
CUSUR,Psidium guajava,C12-5-90,0.50,8.0,5.2,3.5,5.9,0.54,23.8,9.4268117,4.71340585,17.29819947
CUSUR,Psidium guajava,C12-5-91,0.28,6.0,4.9,3.3,4.4,0.21,12.3,5.104324182,2.552162091,9.366434874
CUSUR,Psidium guajava,C12-5-92,0.71,9.5,4.4,2.8,6.1,0.64,20.4,11.11938477,5.559692387,20.40407106
CUSUR,Psidium guajava,C12-5-93,0.50,8.0,4.9,3.0,6.0,0.43,21.0,8.799314923,4.399657461,16.14674288
CUSUR,Psidium guajava,C12-5-94,0.38,7.0,5.3,4.0,7.1,0.56,38.6,7.41977448,3.70988724,13.61528617
CUSUR,Psidium guajava,C12-5-95,0.87,10.5,6.7,5.3,8.3,0.22,71.6,19.9884622,9.994231102,36.67882814
CUSUR,Psidium guajava,C12-5-100,0.57,8.5,5.7,4.2,7.5,0.54,45.9,11.40656056,5.703280282,20.93103864
CUSUR,Psidium guajava,C12-5-101,0.50,8.0,6.4,4.7,6.3,0.00,37.0,11.3842934,5.692146699,20.89017839
CUSUR,Psidium guajava,C12-5-105,5.39,26.2,7.3,5.7,6.7,0.71,48.0,122.8759565,61.43797825,225.4773802
CUSUR,Psidium guajava,C12-5-108,2.43,17.6,5.8,4.3,6.5,0.65,35.0,46.3365389,23.16826945,85.02754888
CUSUR,Psidium guajava,C12-5-140,0.59,8.7,4.5,3.7,6.8,0.68,32.6,9.596174165,4.798087082,17.60897959
CUSUR,Psidium guajava,C12-5-141,0.87,10.5,6.8,5.0,4.6,0.40,20.7,20.15478831,10.07739415,36.98403655
CUSUR,Psidium guajava,C12-5-142,0.48,7.8,5.3,3.9,5.8,0.58,25.6,9.134203855,4.567101927,16.76126407
CUSUR,Psidium guajava,C12-5-143,0.50,8.0,4.8,3.2,4.8,0.58,14.5,8.739881836,4.369940918,16.03768317
CUSUR,Psidium guajava,C12-5-279,1.50,13.8,5.7,5.9,8.7,0.43,86.3,28.5055259,14.25276295,52.30764002
CUSUR,Psidium guajava,C12-5-280,1.77,15.0,3.7,2.6,6.3,0.55,19.6,22.37972451,11.18986226,41.06679448
CUSUR,Psidium guajava,C12-5-282,0.79,10.0,4.4,3.8,8.4,0.66,51.2,12.26869077,6.134345385,22.51304756
CUSUR,Psidium guajava,C12-5-290,1.17,12.2,6.1,4.9,9.2,0.38,80.5,24.18554914,12.09277457,44.38048266
CUSUR,Psidium guajava,C12-5-295,1.54,14.0,4.6,3.6,4.8,0.53,16.3,23.99836217,11.99918109,44.03699458
CUSUR,Psidium guajava,C12-5-296,2.87,19.1,4.9,3.8,5.0,0.60,18.1,45.97706918,22.98853459,84.36792195
CUSUR,Psidium guajava,C12-5-297,1.39,13.3,3.5,2.5,5.7,0.19,15.5,16.70091657,8.350458287,30.64618191
CUSUR,Psidium guajava,C12-5-299,0.79,10.0,3.5,2.3,5.6,0.59,14.1,9.879174414,4.939587207,18.12828505
CUSUR,Psidium guajava,C12-5-300,1.58,14.2,3.8,2.8,6.1,0.18,19.8,20.7832363,10.39161815,38.1372386
CUSUR,Psidium guajava,C12-5-307,1.61,14.3,10.3,8.9,9.3,0.67,146.8,54.17133682,27.08566841,99.40440306
CUSUR,Psidium sartorianum,C12-5-104,2.75,18.7,1.8,0.5,6.5,0.41,4.0,17.38336953,8.691684767,31.89848309
CUSUR,Psidium sartorianum,C12-5-216,0.64,9.0,4.9,3.4,4.3,0.49,12.3,10.9605613,5.480280649,20.11262998
CUSUR,Psidium sartorianum,C12-5-230,1.04,11.5,5.2,3.6,5.4,0.41,20.0,18.76673891,9.383369454,34.43696589
CUSUR,Psidium sartorianum,C12-5-231,1.65,14.5,5.1,3.5,5.4,0.60,20.0,28.40081875,14.20040938,52.11550241
CUSUR,Psidium sartorianum,C12-5-232,1.54,14.0,5.0,3.4,5.6,0.57,20.4,25.87727645,12.93863822,47.48480228
CUSUR,Psidium sartorianum,C12-5-233,0.95,11.0,4.8,3.3,4.6,0.40,13.5,15.93410269,7.967051345,29.23907844
CUSUR,Psidium sartorianum,C12-5-234,0.64,9.0,3.5,2.4,1.9,0.69,1.6,8.135306423,4.067653212,14.92828729
CUSUR,Psidium sartorianum,C12-5-247,1.04,11.5,4.6,3.1,4.6,0.54,12.7,16.4214602,8.2107301,30.13337947
CUSUR,Psidium sartorianum,C12-5-248,0.85,10.4,5.1,3.7,4.6,0.29,15.5,15.15934506,7.579672529,27.81739818
CUSUR,Psidium sartorianum,C12-5-249,1.54,14.0,5.0,3.2,5.5,0.26,19.0,25.91790317,12.95895159,47.55935232
CUSUR,Psidium sartorianum,C12-5-250,0.50,8.0,4.6,3.2,4.5,0.52,12.4,8.312617584,4.156308792,15.25365327
CUSUR,Psidium sartorianum,C12-5-251,1.13,12.0,4.8,3.5,4.9,0.43,16.2,18.8833461,9.441673051,34.6509401
CUSUR,Psidium sartorianum,C12-5-252,2.01,16.0,5.3,3.9,5.9,0.40,26.2,35.48841458,17.74420729,65.12124075
CUSUR,Psidium sartorianum,C12-5-254,0.95,11.0,4.8,3.2,6.1,0.39,23.2,15.9128588,7.956429399,29.20009589
CUSUR,Psidium sartorianum,C12-5-255,0.28,6.0,5.3,3.8,5.1,0.33,18.8,5.553290009,2.776645005,10.19028717
CUSUR,Psidium sartorianum,C12-5-256,1.43,13.5,5.7,4.0,5.5,0.37,23.8,27.48243845,13.74121923,50.43027456
CUSUR,Psidium sartorianum,C12-5-257,1.13,12.0,5.3,3.7,4.3,0.30,13.5,20.66949312,10.33474656,37.92851988
CUSUR,Psidium sartorianum,C12-5-258,0.55,8.4,4.7,3.3,5.2,0.38,17.5,9.270459744,4.635229872,17.01129363
CUSUR,Psidium sartorianum,C12-5-259,1.19,12.3,5.1,3.5,5.1,0.49,17.4,20.89230285,10.44615143,38.33737573
CUSUR,Psidium sartorianum,C12-5-260,0.64,9.0,5.0,3.5,6.2,0.35,26.5,11.33251344,5.666256719,20.79516216
CUSUR,Psidium sartorianum,C12-5-372,0.24,5.5,3.5,2.4,2.3,0.54,2.5,3.111619523,1.555809761,5.709821824
CUSUR,Psidium sartorianum,C12-5-373,0.28,6.0,3.2,2.4,2.5,0.38,3.0,3.396066968,1.698033484,6.231782886
CUSUR,Psidium sartorianum,C12-5-374,0.24,5.5,3.3,2.0,2.4,0.39,2.2,2.953516198,1.476758099,5.419702223
CUSUR,Psidium sartorianum,C12-5-375,0.28,6.0,2.9,1.9,2.6,0.57,2.4,3.128942932,1.564471466,5.741610281
CUSUR,Punica granatum,C12-5-312,0.57,8.5,5.0,4.4,4.3,0.64,15.3,10.1499034,5.074951701,18.62507274
CUSUR,Punica granatum,C12-5-314,0.40,7.1,3.8,2.8,5.7,0.52,17.2,5.568730282,2.784365141,10.21862007
CUSUR,Roystonea oleracea,C12-5-173,1.33,13.0,4.8,3.1,5.7,0.47,19.1,21.65961054,10.82980527,39.74538534
CUSUR,Roystonea oleracea,C12-5-424,2.09,16.3,4.0,2.3,3.5,0.33,5.6,28.22295181,14.1114759,51.78911656
CUSUR,Roystonea oleracea,C12-5-426,2.09,16.3,4.4,2.5,3.8,0.72,7.0,31.03733889,15.51866944,56.95351686
CUSUR,Roystonea oleracea,C12-5-432,1.81,15.2,5.0,3.2,4.0,0.55,9.6,30.73199832,15.36599916,56.39321692
CULAGOS,Schefflera actinophylla,C13-5-1,0.64,9.0,4.6,3.5,2.0,0.67,2.7,10.30734098,5.15367049,18.9139707
CULAGOS,Schefflera actinophylla,C13-5-12,14.81,43.4,7.3,5.7,6.6,0.30,48.1,320.724879,160.3624395,588.5301531
CULAGOS,Schefflera actinophylla,C13-5-44,0.50,8.0,3.1,2.0,2.7,0.37,2.8,5.774875861,2.88743793,10.5968972
CULAGOS,Schefflera actinophylla,C13-5-111,0.23,5.4,3.5,2.7,2.7,0.27,3.7,3.022665136,1.511332568,5.546590524
CULAGOS,Schefflera actinophylla,C13-5-142,0.40,7.1,4.3,3.3,1.9,0.65,2.2,6.228986133,3.114493067,11.43018955
CUSUR,Schefflera actinophylla,C12-5-178,0.57,8.5,4.4,2.2,3.3,0.52,4.5,8.991619949,4.495809975,16.49962261
CUSUR,Schefflera actinophylla,C12-5-179,0.72,9.6,4.4,3.2,2.9,0.82,5.0,11.33071527,5.665357633,20.79186251
CULAGOS,Schinus terebinthifolia,C13-5-71,18.25,48.2,8.9,7.0,9.3,0.42,117.4,469.9418881,234.9709441,862.3433647
CULAGOS,Schinus terebinthifolia,C13-5-72,13.71,41.8,8.6,6.9,8.6,0.67,96.4,346.9013079,173.450654,636.5639
CULAGOS,Schinus terebinthifolia,C13-5-73,7.69,31.3,9.3,6.8,8.3,0.52,90.5,216.2951086,108.1475543,396.9015243
CULAGOS,Schinus terebinthifolia,C13-5-74,6.00,27.6,8.5,7.0,7.5,0.64,76.0,156.8266426,78.41332129,287.7768892
CULAGOS,Schinus terebinthifolia,C13-5-75,14.25,42.6,10.0,9.0,10.3,0.71,179.9,417.6886309,208.8443155,766.4586377
CULAGOS,Schinus terebinthifolia,C13-5-76,15.10,43.8,9.1,8.0,8.2,0.37,105.3,402.4627753,201.2313877,738.5191927
CULAGOS,Schinus terebinthifolia,C13-5-77,9.75,35.2,8.3,7.5,7.7,0.41,85.8,243.7953635,121.8976818,447.3644921
CULAGOS,Schinus terebinthifolia,C13-5-78,11.34,38.0,7.9,6.4,6.2,0.55,47.2,269.2282162,134.6141081,494.0337768
CUSUR,Spathodea campanulata,C12-5-138,0.28,6.0,3.1,1.9,2.4,0.67,2.1,3.333096613,1.666548307,6.116232285
CUSUR,Spathodea campanulata,C12-5-139,11.22,37.8,7.8,5.0,8.2,0.57,65.9,262.7684826,131.3842413,482.1801655
CUSUR,Spathodea campanulata,C12-5-292,37.94,69.5,11.7,7.9,15.3,0.11,360.2,1231.737741,615.8688704,2260.238754
CUSUR,Spathodea campanulata,C12-5-293,60.55,87.8,15.6,12.2,14.6,0.26,505.7,2516.585854,1258.292927,4617.935042
CUSUR,Spathodea campanulata,C12-5-294,40.83,72.1,15.0,10.8,10.9,0.14,249.7,1671.124558,835.562279,3066.513564
CUSUR,Spathodea campanulata,C12-5-306,38.05,69.6,12.3,7.0,15.9,0.49,344.6,1286.602009,643.3010043,2360.914686
CUSUR,Spathodea campanulata,C12-5-309,34.00,65.8,11.6,10.0,9.5,0.77,166.3,1098.262313,549.1311566,2015.311345
CUSUR,Spathodea campanulata,C12-5-310,30.68,62.5,9.5,6.7,10.8,0.61,149.1,823.4481304,411.7240652,1511.027319
CUSUR,Tabebuia donnell-smithii,C12-5-240,0.64,9.0,3.7,2.1,4.2,0.22,7.1,8.431790485,4.215895242,15.47233554
CUSUR,Tabebuia donnell-smithii,C12-5-242,0.71,9.5,3.8,1.5,4.7,0.29,6.7,9.507464439,4.753732219,17.44619724
CUSUR,Tabebuia donnell-smithii,C12-5-301,1.23,12.5,5.3,3.4,5.1,0.33,16.8,22.26583084,11.13291542,40.85779959
CUSUR,Tabebuia donnell-smithii,C12-5-304,0.27,5.9,3.6,1.3,2.1,0.77,1.0,3.695276345,1.847638172,6.780832092
CUSUR,Tabebuia rosea,C12-5-67,1.43,13.5,4.6,3.9,1.7,0.61,2.2,22.64744273,11.32372136,41.5580574
CUSUR,Tabebuia rosea,C12-5-68,0.95,11.0,6.2,5.3,4.1,0.22,17.0,20.11167741,10.05583871,36.90492805
CUSUR,Tabebuia rosea,C12-5-69,1.08,11.7,6.6,4.4,5.2,0.76,22.5,24.01062379,12.0053119,44.05949466
CUSUR,Tabebuia rosea,C12-5-70,1.77,15.0,4.5,2.3,4.7,0.00,10.2,26.87471934,13.43735967,49.31510999
CUSUR,Tabebuia rosea,C12-5-241,1.33,13.0,4.3,2.1,4.2,0.70,7.1,19.78552144,9.892760722,36.30643185
CUSUR,Tabebuia rosea,C12-5-302,1.33,13.0,5.2,2.8,4.6,0.21,11.5,23.71414905,11.85707452,43.5154635
CUSUR,Tabebuia rosea,C12-5-303,1.23,12.5,5.4,3.6,4.9,0.20,16.8,22.65743103,11.32871552,41.57638595
CULAGOS,Washingtonia filifera,C13-5-90,9.51,34.8,3.8,2.5,3.2,0.42,4.8,112.4193053,56.20965264,206.2894252
CULAGOS,Washingtonia filifera,C13-5-91,1.89,15.5,2.2,0.8,3.0,0.48,1.4,14.23478358,7.11739179,26.12082787
CULAGOS,Washingtonia filifera,C13-5-92,12.01,39.1,4.6,3.0,3.8,0.23,8.4,170.1442258,85.07211291,312.2146544
CULAGOS,Washingtonia filifera,C13-5-93,11.22,37.8,3.7,2.4,3.5,0.24,5.6,130.9157354,65.45786769,240.2303744
CULAGOS,Washingtonia filifera,C13-5-94,8.09,32.1,3.1,1.5,3.2,0.34,3.1,80.9836902,40.4918451,148.6050715
CULAGOS,Washingtonia filifera,C13-5-95,9.46,34.7,3.9,2.1,2.9,0.49,3.5,114.2844925,57.14224624,209.7120437
CULAGOS,Washingtonia filifera,C13-5-96,2.90,19.2,2.7,1.3,2.6,0.38,1.8,26.30930984,13.15465492,48.27758355
CULAGOS,Washingtonia filifera,C13-5-97,1.29,12.8,2.4,1.1,2.3,0.54,1.1,10.97371377,5.486856887,20.13676477
CULAGOS,Washingtonia filifera,C13-5-105,4.60,24.2,2.7,1.2,2.5,0.28,1.4,40.6400684,20.3200342,74.57452551
CUSUR,Washingtonia filifera,C12-5-42,4.79,24.7,2.7,1.8,3.8,0.56,4.9,43.42456102,21.71228051,79.68406947
CULAGOS,Washingtonia robusta,C13-5-16,11.34,38.0,7.7,4.7,3.4,0.46,10.7,261.1798013,130.5899007,479.2649354
CUSUR,Washingtonia robusta,C12-5-43,15.90,45.0,11.9,9.3,3.9,0.22,26.9,547.3236937,273.6618469,1004.338978
CUSUR,Washingtonia robusta,C12-5-44,15.21,44.0,6.9,5.8,4.0,0.38,17.8,313.6503886,156.8251943,575.5484631
CUSUR,Washingtonia robusta,C12-5-269,16.47,45.8,15.0,7.2,4.8,0.28,32.5,702.111203,351.0556015,1288.374057
CUSUR,Washingtonia robusta,C12-5-270,17.35,47.0,15.1,6.8,4.8,0.44,30.0,746.2592958,373.1296479,1369.385808
CUSUR,Washingtonia robusta,C12-5-271,15.62,44.6,9.7,6.7,4.4,0.29,25.5,441.761274,220.880637,810.6319378
CUSUR,Washingtonia robusta,C12-5-272,15.55,44.5,15.4,7.6,3.8,0.52,21.5,682.4736763,341.2368382,1252.339196
CUSUR,Washingtonia robusta,C12-5-385,19.24,49.5,8.8,5.3,4.2,0.30,18.2,492.8898801,246.44494,904.4529299
CUSUR,Yucca aloifolia,C12-5-9,10.35,36.3,3.5,2.1,2.4,0.39,2.3,113.4256421,56.71282104,208.1360532
CUSUR,Yucca aloifolia,C12-5-41,0.57,8.5,4.1,3.5,1.8,0.45,2.2,8.447714053,4.223857026,15.50155529
CUSUR,Yucca aloifolia,C12-5-45,0.44,7.5,3.3,3.0,2.7,0.37,4.2,5.323756355,2.661878178,9.769092912
CUSUR,Yucca aloifolia,C12-5-379,1.89,15.5,7.6,6.3,8.1,0.63,80.0,47.14144077,23.57072039,86.50454382
